cohort	heldOutWork	candidateCount	semanticRankAtK	baselineRankAtK	semanticTopK	baselineTopK
gothic	dracula|bram stoker	18184	outside-top-20	outside-top-20	house by the churchyard|joseph lefanu sheridan;black arrow|louis robert stevenson;ballad of reading gaol|oscar wilde;canterville ghost|oscar wilde;treasure island|louis robert stevenson;wylders hand|joseph lefanu sheridan;sleeper awakes|g h wells;last man|mary shelley wollstonecraft;alice or the wages of sin|frederic pangborn werden;wonderful story of ravalette by p b randolph|b p randolph;plague of pythons|frederik pohl;shadowy thing|b drake h;curse of the reckaviles|masterman s walter;pamela or virtue rewarded|richardson samuel;crown of straw|allen upward;recalled to life|allen grant;poor miss finch|collins wilkie;three impostors|arthur machen;culture and cooking or art in the kitchen|catherine owen;frank merriwells trust|burt l standish	from spring days to winter|oscar wilde;ballad of reading gaol|oscar wilde;treasure island|louis robert stevenson;black arrow|louis robert stevenson;wylders hand|joseph lefanu sheridan;house by the churchyard|joseph lefanu sheridan;vicissitudes of bessie fairfax|harriet parr;overlooked|baring maurice;cask|crofts freeman wills;dead|james joyce;jack o judgment|edgar wallace;conquest|micheaux oscar;truth|g;first epistle of paul to timothy analytically expounded|david dickson;oscar wilde|andré gide;service|david henry thoreau;chateau dor|holmes jane mary;second epistle of paul to the corinthians analytically expounded|david dickson;culture and cooking or art in the kitchen|catherine owen;frank merriwells trust|burt l standish
gothic	frankenstein|mary shelley wollstonecraft	18184	outside-top-20	outside-top-20	mystery of the sea|bram stoker;house by the churchyard|joseph lefanu sheridan;primrose path|bram stoker;black arrow|louis robert stevenson;fables|louis robert stevenson;ballad of reading gaol|oscar wilde;canterville ghost|oscar wilde;wylders hand|joseph lefanu sheridan;man who fell through the earth|carolyn wells;blood of the vampire|florence marryat;wyllards weird|braddon elizabeth mary;clarissa or the history of a young lady volume 1|richardson samuel;sleeper awakes|g h wells;betty bairds golden year|anna hamlin weikel;worlds of the imperium|keith laumer;woman of mystery|leblanc maurice;wonderful story of ravalette by p b randolph|b p randolph;poor miss finch|collins wilkie;culture and cooking or art in the kitchen|catherine owen;frank merriwells trust|burt l standish	black arrow|louis robert stevenson;primrose path|bram stoker;poems of oscar wilde|oscar wilde;house of pomegranates|oscar wilde;famous impostors|bram stoker;island nights entertainments|louis robert stevenson;wylders hand|joseph lefanu sheridan;house by the churchyard|joseph lefanu sheridan;overlooked|baring maurice;first epistle of paul to timothy analytically expounded|david dickson;conquest|micheaux oscar;second epistle of paul to the corinthians analytically expounded|david dickson;last test|adolphe danziger decastro;dr paulls theory|alice diehl mangold;danny the detective|barclay charlesworth vera;faulkners folly|carolyn wells;my little book of prayer|muriel strode;variable man|dick k philip;culture and cooking or art in the kitchen|catherine owen;frank merriwells trust|burt l standish
gothic	carmilla|joseph lefanu sheridan	18184	outside-top-20	outside-top-20	black arrow|louis robert stevenson;mystery of the sea|bram stoker;primrose path|bram stoker;ballad of reading gaol|oscar wilde;from spring days to winter|oscar wilde;fables|louis robert stevenson;sleeper awakes|g h wells;clarissa or the history of a young lady volume 1|richardson samuel;last man|mary shelley wollstonecraft;skylark of valeron|e e smith;great expectations|charles dickens;three impostors|arthur machen;curse of the reckaviles|masterman s walter;shadowy thing|b drake h;plague of pythons|frederik pohl;blind mans eyes|balmer edwin macharg william;man who fell through the earth|carolyn wells;wonderful story of ravalette by p b randolph|b p randolph;culture and cooking or art in the kitchen|catherine owen;frank merriwells trust|burt l standish	chain of destiny|bram stoker;primrose path|bram stoker;ballad of reading gaol|oscar wilde;black arrow|louis robert stevenson;poems of oscar wilde|oscar wilde;treasure island|louis robert stevenson;plague of pythons|frederik pohl;canterbury tales and other poems|chaucer d geoffrey laing purves;faulkners folly|carolyn wells;overlooked|baring maurice;mauprat|george sand;passionate friends|g h wells;forgotten man and other essays|graham sumner william;jack o judgment|edgar wallace;canada and other poems|frederick thomas young;cask|crofts freeman wills;mark twains partner|j michael phillips;vicissitudes of bessie fairfax|harriet parr;culture and cooking or art in the kitchen|catherine owen;frank merriwells trust|burt l standish
gothic	picture of dorian gray|oscar wilde	18184	outside-top-20	outside-top-20	black arrow|louis robert stevenson;house by the churchyard|joseph lefanu sheridan;mystery of the sea|bram stoker;chain of destiny|bram stoker;black arrow a tale of two roses|louis robert stevenson;wylders hand|joseph lefanu sheridan;blood of the vampire|florence marryat;horror expert|belknap frank long;curse of the reckaviles|masterman s walter;zastrozzi a romance|bysshe percy shelley;skylark of valeron|e e smith;wonderful story of ravalette by p b randolph|b p randolph;three impostors|arthur machen;unholy three|robbins tod;masterpieces of mystery|adams algernon blackwood cram daniel demaupassant f guy harvey james katherine louis m pliny r ralph rickford robert steele stevenson the w wilbur younger;man who fell through the earth|carolyn wells;last man|mary shelley wollstonecraft;december tales|ainsworth harrison william;culture and cooking or art in the kitchen|catherine owen;frank merriwells trust|burt l standish	primrose path|bram stoker;treasure island|louis robert stevenson;black arrow|louis robert stevenson;chain of destiny|bram stoker;house by the churchyard|joseph lefanu sheridan;wylders hand|joseph lefanu sheridan;faulkners folly|carolyn wells;plague of pythons|frederik pohl;mauprat|george sand;overlooked|baring maurice;canterbury tales and other poems|chaucer d geoffrey laing purves;vicissitudes of bessie fairfax|harriet parr;portent|george macdonald;variable man|dick k philip;canada and other poems|frederick thomas young;doctor dolittles zoo|hugh lofting;jack o judgment|edgar wallace;steppenwolf|hermann hesse;culture and cooking or art in the kitchen|catherine owen;frank merriwells trust|burt l standish
gothic	strange case of dr jekyll and mr hyde|louis robert stevenson	18184	outside-top-20	outside-top-20	mystery of the sea|bram stoker;primrose path|bram stoker;house by the churchyard|joseph lefanu sheridan;ballad of reading gaol|oscar wilde;from spring days to winter|oscar wilde;wyvern mystery|joseph lefanu sheridan;blood of the vampire|florence marryat;clarissa or the history of a young lady volume 1|richardson samuel;sleeper awakes|g h wells;popular personage at home|hardy thomas;golden silence|a and c m n williamson;castle of twilight|horton margaret potter;last man|mary shelley wollstonecraft;portrait of a lady volume 1|henry james;great expectations|charles dickens;pamela or virtue rewarded|richardson samuel;crown of straw|allen upward;somehow good|demorgan frend william;culture and cooking or art in the kitchen|catherine owen;frank merriwells trust|burt l standish	ballad of reading gaol|oscar wilde;chain of destiny|bram stoker;primrose path|bram stoker;house of pomegranates|oscar wilde;house by the churchyard|joseph lefanu sheridan;wylders hand|joseph lefanu sheridan;plague of pythons|frederik pohl;man could stand up|ford ford madox;vicissitudes of bessie fairfax|harriet parr;mauprat|george sand;passionate friends|g h wells;cask|crofts freeman wills;faulkners folly|carolyn wells;overlooked|baring maurice;youth of washington|mitchell silas weir;canterbury tales and other poems|chaucer d geoffrey laing purves;man in lower ten|mary rinehart roberts;cupids cyclopedia|cecil clay herford john oliver;culture and cooking or art in the kitchen|catherine owen;frank merriwells trust|burt l standish
utopia-and-dystopia	time machine|george herbert wells	18184	outside-top-20	outside-top-20	wood beyond the world|morris william;thunder in the garden|morris william;way of all flesh|butler samuel;first year in canterbury settlement|butler samuel;dr heidenhoffs process|bellamy edward;penguin island|anatole france;piccadilly|laurence oliphant;buried alive|arnold bennett;three good giants|françois rabelais;modest proposal|jonathan swift;sleeper awakes|g h wells;utopia|more thomas;when a mans a man|bell harold wright;house of baltazar|john locke william;soul of london|ford ford madox;golden book of springfield|lindsay vachel;mad planet|leinster murray;socialism|engels friedrich;culture and cooking or art in the kitchen|catherine owen;frank merriwells trust|burt l standish	summer dawn|morris william;way of all flesh|butler samuel;well at the worlds end book 1|morris william;dr heidenhoffs process|bellamy edward;first year in canterbury settlement|butler samuel;penguin island|anatole france;piccadilly|laurence oliphant;from a swedish homestead|lagerlöf selma;utopia|more thomas;this world is taboo|leinster murray;passionate friends|g h wells;homogenic love and its place in a free society|carpenter edward;wonderful history of peter schlemihl the man who lost his shadow|adelbert chamisso von;vicars daughter|george macdonald;tragedy of puddnhead wilson|mark twain;unseen ear|lincoln natalie sumner;eshcol|john owen;vicissitudes of bessie fairfax|harriet parr;culture and cooking or art in the kitchen|catherine owen;frank merriwells trust|burt l standish
utopia-and-dystopia	coming race|bulwerlytton edward george	18184	outside-top-20	outside-top-20	sleeper awakes|g h wells;passionate friends|g h wells;wood beyond the world|morris william;thunder in the garden|morris william;way of all flesh|butler samuel;first year in canterbury settlement|butler samuel;dr heidenhoffs process|bellamy edward;penguin island|anatole france;piccadilly|laurence oliphant;modest proposal|jonathan swift;three good giants|françois rabelais;buried alive|arnold bennett;utopia|more thomas;when a mans a man|bell harold wright;plague of pythons|frederik pohl;golden book of springfield|lindsay vachel;socialism|engels friedrich;soul of london|ford ford madox;culture and cooking or art in the kitchen|catherine owen;frank merriwells trust|burt l standish	passionate friends|g h wells;world set free|g h wells;summer dawn|morris william;springs bedfellow|morris william;way of all flesh|butler samuel;dr heidenhoffs process|bellamy edward;penguin island|anatole france;first year in canterbury settlement|butler samuel;modest proposal|jonathan swift;piccadilly|laurence oliphant;from queens gardens|christina rossetti;from queens gardens|ingelow jean;utopia|more thomas;tragedy of puddnhead wilson|mark twain;from queens gardens|adelaide anne procter;truth|g;clarissa harlowe or the history of a young lady vol 2|richardson samuel;conquest|micheaux oscar;culture and cooking or art in the kitchen|catherine owen;frank merriwells trust|burt l standish
utopia-and-dystopia	looking backward|bellamy edward	18184	outside-top-20	outside-top-20	sleeper awakes|g h wells;passionate friends|g h wells;thunder in the garden|morris william;wood beyond the world|morris william;way of all flesh|butler samuel;first year in canterbury settlement|butler samuel;penguin island|anatole france;piccadilly|laurence oliphant;modest proposal|jonathan swift;three good giants|françois rabelais;buried alive|arnold bennett;utopia|more thomas;plague of pythons|frederik pohl;when a mans a man|bell harold wright;planet of dread|leinster murray;miscellany of men|chesterton g k;commonplace day|hardy thomas;soul of london|ford ford madox;culture and cooking or art in the kitchen|catherine owen;frank merriwells trust|burt l standish	world set free|g h wells;passionate friends|g h wells;summer dawn|morris william;springs bedfellow|morris william;way of all flesh|butler samuel;penguin island|anatole france;first year in canterbury settlement|butler samuel;piccadilly|laurence oliphant;modest proposal|jonathan swift;this world is taboo|leinster murray;from queens gardens|ingelow jean;from queens gardens|christina rossetti;hidden staircase|carolyn keene;vicissitudes of bessie fairfax|harriet parr;conquest|micheaux oscar;homogenic love and its place in a free society|carpenter edward;wonderful history of peter schlemihl the man who lost his shadow|adelbert chamisso von;from queens gardens|adelaide anne procter;culture and cooking or art in the kitchen|catherine owen;frank merriwells trust|burt l standish
utopia-and-dystopia	erewhon|butler samuel	18184	outside-top-20	outside-top-20	sleeper awakes|g h wells;anticipations|g h wells;wood beyond the world|morris william;well at the worlds end book 1|morris william;dr heidenhoffs process|bellamy edward;when a mans a man|bell harold wright;utopia|more thomas;heads of cerberus|francis stevens;to the duchesse of newcastle on her new blazing world|cavendish william;city of endless night|hastings milo;socialism|engels friedrich;republic of the future|anna bowman dodd;main truck or a leap for life|george morris pope;last man vol i|mary shelley wollstonecraft;golden book of springfield|lindsay vachel;pilgrims project|f robert young;commonplace day|hardy thomas;syndic|c kornbluth m;culture and cooking or art in the kitchen|catherine owen;frank merriwells trust|burt l standish	passionate friends|g h wells;world set free|g h wells;summer dawn|morris william;springs bedfellow|morris william;dr heidenhoffs process|bellamy edward;this world is taboo|leinster murray;mysterious universe|james jeans;conquest|micheaux oscar;utopia|more thomas;we|yevgeny zamyatin;red arrows in the night|a daniel lord;american claimant|mark twain;vicissitudes of bessie fairfax|harriet parr;wilhelm meisters apprenticeship volume 1|goethe johann von wolfgang;stolen singer|bellinger martha;tunnel under the world|frederik pohl;bachelors dream|hungerford;moneychangers|sinclair upton;culture and cooking or art in the kitchen|catherine owen;frank merriwells trust|burt l standish
utopia-and-dystopia	news from nowhere|morris william	18184	outside-top-20	outside-top-20	sleeper awakes|g h wells;passionate friends|g h wells;way of all flesh|butler samuel;first year in canterbury settlement|butler samuel;dr heidenhoffs process|bellamy edward;penguin island|anatole france;piccadilly|laurence oliphant;modest proposal|jonathan swift;three good giants|françois rabelais;buried alive|arnold bennett;when a mans a man|bell harold wright;utopia|more thomas;heads of cerberus|francis stevens;tarrano the conqueror|cummings ray;five nations vol i|kipling rudyard;plague of pythons|frederik pohl;strange voyage and adventures of domingo gonsales to the world in the moon|francis godwin;tunnel under the world|frederik pohl;culture and cooking or art in the kitchen|catherine owen;frank merriwells trust|burt l standish	world set free|g h wells;passionate friends|g h wells;way of all flesh|butler samuel;dr heidenhoffs process|bellamy edward;penguin island|anatole france;first year in canterbury settlement|butler samuel;piccadilly|laurence oliphant;modest proposal|jonathan swift;this world is taboo|leinster murray;vicissitudes of bessie fairfax|harriet parr;what is man and other essays|mark twain;tragedy of puddnhead wilson|mark twain;homogenic love and its place in a free society|carpenter edward;from a swedish homestead|lagerlöf selma;jephtha|morell thomas;doctor grimshawes secret|hawthorne nathaniel;curse of the reckaviles|masterman s walter;political ideals|bertrand russell;culture and cooking or art in the kitchen|catherine owen;frank merriwells trust|burt l standish
sea-voyages	moby dick|herman melville	18184	outside-top-20	outside-top-20	stories of ships and the sea|jack london;dutch courage and other stories|jack london;second jungle book|kipling rudyard;five nations vol i|kipling rudyard;great pirate stories|french joseph lewis;lord dolphin|anna cheever harriet;works of edgar allan poe raven edition volume 3|allan edgar poe;redburn|herman melville;fighting the whales|ballantyne michael robert;captain salt in oz|plumly ruth thompson;pirate and the three cutters|frederick marryat;rover boys in southern waters|arthur m winfield;cradle of the deep|joan lowell;buccaneers and pirates of our coasts|frank richard stockton;indifferent mariner|arthur macy;snarleyyow|frederick marryat;in ship and prison|chipman p william;for the freedom of the seas|barbour henry ralph;culture and cooking or art in the kitchen|catherine owen;frank merriwells trust|burt l standish	valley of the moon|jack london;lost face and other stories|jack london;plain tales from the hills|kipling rudyard;gardener and the burden|kipling rudyard;trespasser|d h lawrence;toilers of the sea|hugo victor;highwayman|bailey c h;thirty years since or the ruined family|george james payne rainsford;memorias de un abogado|josé milla vidaurre y;non stop stowaway|clayton knight;downright dencey|caroline dale snedeker;great pirate stories|french joseph lewis;this world is taboo|leinster murray;to the last man|grey zane;boys life of mark twain|albert bigelow pain;conquest|micheaux oscar;voyage to the south sea|bligh william;malay archipelago vol 2|alfred russel wallace;culture and cooking or art in the kitchen|catherine owen;frank merriwells trust|burt l standish
sea-voyages	two years before the mast|dana henry jr richard	18184	outside-top-20	outside-top-20	stories of ships and the sea|jack london;redburn|herman melville;white jacket or the world in a man of war|herman melville;human drift|jack london;five nations vol i|kipling rudyard;second jungle book|kipling rudyard;great pirate stories|french joseph lewis;works of edgar allan poe raven edition volume 3|allan edgar poe;lord dolphin|anna cheever harriet;fighting the whales|ballantyne michael robert;rover boys in southern waters|arthur m winfield;wonderful story of ravalette by p b randolph|b p randolph;claverings|anthony trollope;pirate and the three cutters|frederick marryat;great expectations|charles dickens;cradle of the deep|joan lowell;life and adventures of peter wilkins volume 1|paltock robert;wreck of the corsaire|clark russell william;culture and cooking or art in the kitchen|catherine owen;frank merriwells trust|burt l standish	mardi vol 2|herman melville;valley of the moon|jack london;typee|herman melville;lost face and other stories|jack london;gardener and the burden|kipling rudyard;fringes of the fleet|kipling rudyard;mountain girl|erskine payne;bent twig|canfield dorothy fisher;quo vadis|henryk sienkiewicz;memorias de un abogado|josé milla vidaurre y;downright dencey|caroline dale snedeker;magic skin|debalzac honoré;alaskan|curwood james oliver;mummy a tale of the twenty second century|c jane loudon;mark twains speeches part 1|mark twain;boys life of mark twain|albert bigelow pain;camp of the dog|algernon blackwood;les misérables vol 4|hugo victor;culture and cooking or art in the kitchen|catherine owen;frank merriwells trust|burt l standish
sea-voyages	sea wolf|jack london	18184	outside-top-20	outside-top-20	redburn|herman melville;white jacket or the world in a man of war|herman melville;second jungle book|kipling rudyard;five nations vol i|kipling rudyard;fighting the whales|ballantyne michael robert;great pirate stories|french joseph lewis;buccaneers and pirates of our coasts|frank richard stockton;pirate and the three cutters|frederick marryat;works of edgar allan poe raven edition volume 3|allan edgar poe;captain salt in oz|plumly ruth thompson;rover boys in southern waters|arthur m winfield;tales of hearsay|conrad joseph;jan of the windmill|ewing gatty horatia juliana;lord dolphin|anna cheever harriet;wonderful story of ravalette by p b randolph|b p randolph;wreck of the corsaire|clark russell william;in ship and prison|chipman p william;claverings|anthony trollope;culture and cooking or art in the kitchen|catherine owen;frank merriwells trust|burt l standish	mardi vol 2|herman melville;typee|herman melville;gardener and the burden|kipling rudyard;plain tales from the hills|kipling rudyard;boys life of mark twain|albert bigelow pain;mountain girl|erskine payne;trespasser|d h lawrence;downright dencey|caroline dale snedeker;quo vadis|henryk sienkiewicz;uncle silas|joseph lefanu sheridan;mary marston|george macdonald;magic skin|debalzac honoré;wylders hand|joseph lefanu sheridan;alaskan|curwood james oliver;bent twig|canfield dorothy fisher;toilers of the sea|hugo victor;valley of the moon|jack london;lord of the world|benson hugh robert;culture and cooking or art in the kitchen|catherine owen;frank merriwells trust|burt l standish
sea-voyages	captains courageous|kipling rudyard	18184	outside-top-20	outside-top-20	stories of ships and the sea|jack london;redburn|herman melville;white jacket or the world in a man of war|herman melville;human drift|jack london;great pirate stories|french joseph lewis;works of edgar allan poe raven edition volume 3|allan edgar poe;claverings|anthony trollope;wings of the dove|henry james;buccaneers and pirates of our coasts|frank richard stockton;cradle of the deep|joan lowell;worm ouroboros|e eddison r;wreck of the corsaire|clark russell william;20000 leagues under the seas|jules verne;snarleyyow|frederick marryat;really so stories|elizabeth gordon;life and adventures of peter wilkins volume 1|paltock robert;lord dolphin|anna cheever harriet;hannibal|abbott jacob;culture and cooking or art in the kitchen|catherine owen;frank merriwells trust|burt l standish	valley of the moon|jack london;mardi vol 2|herman melville;lost face and other stories|jack london;redburn|herman melville;mountain girl|erskine payne;alaskan|curwood james oliver;ivory child|h haggard rider;further adventures of robinson crusoe|daniel defoe;raven|allan edgar poe;toilers of the sea|hugo victor;abraham lincoln|and george hay john john nicolay;highwayman|bailey c h;märchen|friedrich hackländer wilhelm;oregon trail|francis jr parkman;uncle silas|joseph lefanu sheridan;raiding with morgan|a byron dunn;young folks bible|josephine pollard;conquest|micheaux oscar;culture and cooking or art in the kitchen|catherine owen;frank merriwells trust|burt l standish
sea-voyages	narrative of arthur gordon pym of nantucket|allan edgar poe	18184	outside-top-20	outside-top-20	redburn|herman melville;stories of ships and the sea|jack london;white jacket or the world in a man of war|herman melville;dutch courage and other stories|jack london;second jungle book|kipling rudyard;abaft the funnel|kipling rudyard;great pirate stories|french joseph lewis;rover boys in southern waters|arthur m winfield;pirate and the three cutters|frederick marryat;lord dolphin|anna cheever harriet;great expectations|charles dickens;buccaneers and pirates of our coasts|frank richard stockton;fighting the whales|ballantyne michael robert;autobiography of a seaman vol 1|cochrane lord thomas;passionate friends|g h wells;wings of the dove|henry james;wreck of the corsaire|clark russell william;snarleyyow|frederick marryat;culture and cooking or art in the kitchen|catherine owen;frank merriwells trust|burt l standish	valley of the moon|jack london;mardi vol 2|herman melville;redburn|herman melville;gardener and the burden|kipling rudyard;lost face and other stories|jack london;actions and reactions|kipling rudyard;trespasser|d h lawrence;mountain girl|erskine payne;highwayman|bailey c h;bent twig|canfield dorothy fisher;toilers of the sea|hugo victor;this world is taboo|leinster murray;thirty years since or the ruined family|george james payne rainsford;mary marston|george macdonald;mummy a tale of the twenty second century|c jane loudon;conversations on the plurality of worlds|bernard defontenelle lebovier;great pirate stories|french joseph lewis;australia felix|handel henry richardson;culture and cooking or art in the kitchen|catherine owen;frank merriwells trust|burt l standish
detective-fiction	moonstone|collins wilkie	18185	outside-top-20	outside-top-20	mill mystery|anna green katharine;mayors wife|anna green katharine;secret of the night|gaston leroux;tales of terror and mystery|arthur conan doyle;uncle bernac|arthur conan doyle;man with the black feather|gaston leroux;crime at black dudley|allingham margery;master of mysteries|and eustace l meade robert t;grell mystery|frank froest;clevedon case|john nancy oakley oakley;heath hover mystery|bertram mitford;cat saw murder|dolores hitchens;house of whispers|lequeux william;fortieth door|bradley hastings mary;death below the dam|esther fonseca haven;no name|collins wilkie;red thumb mark|austin freeman r;midnight passenger|henry richard savage;culture and cooking or art in the kitchen|catherine owen;frank merriwells trust|burt l standish	mill mystery|anna green katharine;ruby and the caldron|anna green katharine;uncle bernac|arthur conan doyle;songs of the road|arthur conan doyle;phantom of the opera|gaston leroux;secret of the night|gaston leroux;grell mystery|frank froest;bat|mary rinehart roberts;crime at black dudley|allingham margery;death below the dam|esther fonseca haven;fortieth door|bradley hastings mary;house of whispers|lequeux william;no name|collins wilkie;holidays and happy days|hamish hendry;clevedon case|john nancy oakley oakley;primitive|chester himes;oscar wilde|andré gide;call of the wildflower|henry salt;culture and cooking or art in the kitchen|catherine owen;frank merriwells trust|burt l standish
detective-fiction	hound of the baskervilles|arthur conan doyle	18185	outside-top-20	outside-top-20	mill mystery|anna green katharine;mayors wife|anna green katharine;no name|collins wilkie;poor miss finch|collins wilkie;man with the black feather|gaston leroux;phantom of the opera|gaston leroux;master of mysteries|and eustace l meade robert t;heath hover mystery|bertram mitford;grell mystery|frank froest;crime at black dudley|allingham margery;clevedon case|john nancy oakley oakley;house of whispers|lequeux william;red thumb mark|austin freeman r;cat saw murder|dolores hitchens;fortieth door|bradley hastings mary;middle of things|fletcher j s;midnight passenger|henry richard savage;death below the dam|esther fonseca haven;culture and cooking or art in the kitchen|catherine owen;frank merriwells trust|burt l standish	mill mystery|anna green katharine;no name|collins wilkie;defence of the bride and other poems|anna green katharine;i say no|collins wilkie;phantom of the opera|gaston leroux;secret of the night|gaston leroux;grell mystery|frank froest;crime at black dudley|allingham margery;death below the dam|esther fonseca haven;fortieth door|bradley hastings mary;bat|mary rinehart roberts;house of whispers|lequeux william;primitive|chester himes;blotted out|elisabeth holding sanxay;holidays and happy days|hamish hendry;call of the wildflower|henry salt;peter bell|william wordsworth;castlecourt diamond mystery|bonner geraldine;culture and cooking or art in the kitchen|catherine owen;frank merriwells trust|burt l standish
detective-fiction	mystery of the yellow room|gaston leroux	18185	outside-top-20	outside-top-20	mill mystery|anna green katharine;no name|collins wilkie;mayors wife|anna green katharine;my ladys money|collins wilkie;womans love|arthur conan doyle;tales of terror and mystery|arthur conan doyle;heath hover mystery|bertram mitford;crime at black dudley|allingham margery;cat saw murder|dolores hitchens;master of mysteries|and eustace l meade robert t;grell mystery|frank froest;clevedon case|john nancy oakley oakley;red thumb mark|austin freeman r;house of whispers|lequeux william;silver bullet|fergus hume;death below the dam|esther fonseca haven;silent bullet|arthur b reeve;fortieth door|bradley hastings mary;culture and cooking or art in the kitchen|catherine owen;frank merriwells trust|burt l standish	mill mystery|anna green katharine;no name|collins wilkie;uncle bernac|arthur conan doyle;three thousand dollars|anna green katharine;i say no|collins wilkie;songs of the road|arthur conan doyle;crime at black dudley|allingham margery;grell mystery|frank froest;death below the dam|esther fonseca haven;bat|mary rinehart roberts;house of whispers|lequeux william;fortieth door|bradley hastings mary;vicissitudes of bessie fairfax|harriet parr;32 caliber|donald mcgibney;midnight passenger|henry richard savage;heath hover mystery|bertram mitford;holidays and happy days|hamish hendry;red thumb mark|austin freeman r;culture and cooking or art in the kitchen|catherine owen;frank merriwells trust|burt l standish
detective-fiction	leavenworth case|anna green katharine	18185	outside-top-20	outside-top-20	secret of the night|gaston leroux;man with the black feather|gaston leroux;poor miss finch|collins wilkie;die frau in weiß band 4|collins wilkie;uncle bernac|arthur conan doyle;adventure of the red circle|arthur conan doyle;yellow claw|rohmer sax;true stories of celebrated crimes|barton george;house of the arrow|a e mason w;mystery of orcival|gaboriau émile;maxwell mystery|carolyn wells;man who fell through the earth|carolyn wells;adventures of the eleven cuff buttons|francis james thierry;datchet diamonds|marsh richard;girl from scotland yard|edgar wallace;there are crimes and crimes|august strindberg;mystery of the hidden room|harvey marion;dead mens shoes|braddon elizabeth mary;culture and cooking or art in the kitchen|catherine owen;frank merriwells trust|burt l standish	uncle bernac|arthur conan doyle;songs of the road|arthur conan doyle;i say no|collins wilkie;my ladys money|collins wilkie;phantom of the opera|gaston leroux;secret of the night|gaston leroux;blotted out|elisabeth holding sanxay;scarhaven keep|fletcher j s;paradise mystery|fletcher j s;masterpieces of mystery|french joseph lewis;primitive|chester himes;castlecourt diamond mystery|bonner geraldine;vicissitudes of bessie fairfax|harriet parr;tracks in the snow|benson godfrey r;destiny volume 2|edmonstoune ferrier susan;lanagan amateur detective|edward h hurlbut;32 caliber|donald mcgibney;that affair at elizabeth|burton egbert stevenson;culture and cooking or art in the kitchen|catherine owen;frank merriwells trust|burt l standish
childrens-fantasy	alices adventures in wonderland|carroll lewis	18184	outside-top-20	outside-top-20	cambridge book of poetry for children|grahame kenneth;surprising adventures of the magical monarch of mo and his people|baum frank l;at the back of the north wind|george macdonald;marvelous land of oz|baum frank l;story of peter pan|barrie j m;seaboard parish|george macdonald;little minister|barrie j m;reluctant dragon|grahame kenneth;famous stories every child should know|hamilton mabie wright;wind boy|cook eliot ethel;tales of folk and fairies|katharine pyle;mother west winds children|burgess thornton w;stories from pentamerone|basile giambattista;fir tree fairy book|clifton johnson;grimms fairy stories|grimm jacob wilhelm;nursery alice|carroll lewis;snow queen and other stories|andersen christian hans;jan of the windmill|ewing gatty horatia juliana;culture and cooking or art in the kitchen|catherine owen;frank merriwells trust|burt l standish	bedtime|george macdonald;autumns gold|george macdonald;phoebe daring|baum frank l;tik tok of oz|baum frank l;my lady nicotine|barrie j m;cambridge book of poetry for children|grahame kenneth;story of peter pan|barrie j m;pagan papers|grahame kenneth;fighting the whales|ballantyne michael robert;pot of gold and other stories|e freeman mary wilkins;shipwreck|fr joseph spillman;five children and it|edith nesbit;my musical life|damrosch walter;when the world shook|h haggard rider;man and maid|e nesbit;stingaree|e hornung w;lulus library volume 3|alcott louisa may;william the outlaw abridged|crompton richmal;culture and cooking or art in the kitchen|catherine owen;frank merriwells trust|burt l standish
childrens-fantasy	wonderful wizard of oz|baum frank l	18184	outside-top-20	outside-top-20	nursery alice|carroll lewis;three sunsets and other poems|carroll lewis;light princess other fairy tales|george macdonald;lost princess|george macdonald;cambridge book of poetry for children|grahame kenneth;little minister|barrie j m;sentimental tommy|barrie j m;reluctant dragon|grahame kenneth;five children and it|edith nesbit;wonderful bed|gertrude knevels;book of dragons|edith nesbit;wind boy|cook eliot ethel;enchanted castle|hartwell james;tales from shakespeare|and charles lamb mary;on angels wings|greene lilias louisa plunket;fir tree fairy book|clifton johnson;davy and the goblin|carryl charles edward;jungle book|kipling rudyard;culture and cooking or art in the kitchen|catherine owen;frank merriwells trust|burt l standish	autumns gold|george macdonald;nursery alice|carroll lewis;said and did|george macdonald;story of peter pan|barrie j m;through the looking glass|carroll lewis;little minister|barrie j m;cambridge book of poetry for children|grahame kenneth;five children and it|edith nesbit;pagan papers|grahame kenneth;wonderful bed|gertrude knevels;poor cecco|margery williams;way it came|henry james;bobbsey twins on blueberry island|hope laura lee;fighting the whales|ballantyne michael robert;king in yellow part 2|chambers robert w;jungle book|kipling rudyard;sinking of the titanic|henry jay mowbray;lane that had no turning and other tales concerning the people of pontiac|gilbert parker;culture and cooking or art in the kitchen|catherine owen;frank merriwells trust|burt l standish
childrens-fantasy	peter pan|barrie james matthew	18184	outside-top-20	outside-top-20	through the looking glass|carroll lewis;nursery alice|carroll lewis;light princess other fairy tales|george macdonald;surprising adventures of the magical monarch of mo and his people|baum frank l;lost princess|george macdonald;road to oz|baum frank l;cambridge book of poetry for children|grahame kenneth;reluctant dragon|grahame kenneth;five children and it|edith nesbit;wonderful bed|gertrude knevels;book of dragons|edith nesbit;wind boy|cook eliot ethel;enchanted castle|hartwell james;davy and the goblin|carryl charles edward;famous stories every child should know|hamilton mabie wright;fir tree fairy book|clifton johnson;rumpty dudgets tower|hawthorne julian;well at the worlds end book 1|morris william;culture and cooking or art in the kitchen|catherine owen;frank merriwells trust|burt l standish	nursery alice|carroll lewis;said and did|george macdonald;autumns gold|george macdonald;through the looking glass|carroll lewis;queen zixi of ix or the story of the magic cloak|baum frank l;life and adventures of santa claus|baum frank l;cambridge book of poetry for children|grahame kenneth;five children and it|edith nesbit;pagan papers|grahame kenneth;wonderful bed|gertrude knevels;poor cecco|margery williams;way it came|henry james;prince and the dragons|jenks tudor;jan of the windmill|ewing gatty horatia juliana;and judas iscariot with other revival sermons|chapman j wilbur;jungle book|kipling rudyard;halloween at merryvale|alice burnett hale;childrens shakespeare|edith nesbit;culture and cooking or art in the kitchen|catherine owen;frank merriwells trust|burt l standish
childrens-fantasy	wind in the willows|grahame kenneth	18184	outside-top-20	outside-top-20	nursery alice|carroll lewis;through the looking glass|carroll lewis;surprising adventures of the magical monarch of mo and his people|baum frank l;story of peter pan|barrie j m;tin woodman of oz|baum frank l;light princess other fairy tales|george macdonald;at the back of the north wind|george macdonald;little minister|barrie j m;five children and it|edith nesbit;wonderful bed|gertrude knevels;book of dragons|edith nesbit;famous stories every child should know|hamilton mabie wright;fairy tales every child should know|hamilton mabie wright;wind boy|cook eliot ethel;mother west winds children|burgess thornton w;wonder book for girls and boys|hawthorne nathaniel;floating prince and other fairy tales|frank r stockton;fir tree fairy book|clifton johnson;culture and cooking or art in the kitchen|catherine owen;frank merriwells trust|burt l standish	nursery alice|carroll lewis;autumns gold|george macdonald;tik tok of oz|baum frank l;through the looking glass|carroll lewis;bedtime|george macdonald;phoebe daring|baum frank l;my lady nicotine|barrie j m;story of peter pan|barrie j m;five children and it|edith nesbit;wonderful bed|gertrude knevels;poor cecco|margery williams;fighting the whales|ballantyne michael robert;sinking of the titanic|henry jay mowbray;peter bell|william wordsworth;oswald bastable and others|e nesbit;when the world shook|h haggard rider;celebrity|churchill winston;adventures of the runaway rocking chair|garis howard r;culture and cooking or art in the kitchen|catherine owen;frank merriwells trust|burt l standish
childrens-fantasy	princess and the goblin|george macdonald	18184	outside-top-20	outside-top-20	nursery alice|carroll lewis;through the looking glass|carroll lewis;surprising adventures of the magical monarch of mo and his people|baum frank l;road to oz|baum frank l;cambridge book of poetry for children|grahame kenneth;story of peter pan|barrie j m;sentimental tommy|barrie j m;reluctant dragon|grahame kenneth;five children and it|edith nesbit;wonderful bed|gertrude knevels;book of dragons|edith nesbit;wind boy|cook eliot ethel;mother west winds children|burgess thornton w;wind wagon|cory david;famous stories every child should know|hamilton mabie wright;enchanted castle|hartwell james;jungle book|kipling rudyard;luck of the dudley grahams|alice calhoun haines;culture and cooking or art in the kitchen|catherine owen;frank merriwells trust|burt l standish	nursery alice|carroll lewis;story of peter pan|barrie j m;through the looking glass|carroll lewis;phoebe daring|baum frank l;tik tok of oz|baum frank l;my lady nicotine|barrie j m;cambridge book of poetry for children|grahame kenneth;pagan papers|grahame kenneth;five children and it|edith nesbit;wonderful bed|gertrude knevels;poor cecco|margery williams;wind boy|cook eliot ethel;children|alice meynell;fighting the whales|ballantyne michael robert;bedtime|george macdonald;bobbsey twins on blueberry island|hope laura lee;way it came|henry james;halloween at merryvale|alice burnett hale;culture and cooking or art in the kitchen|catherine owen;frank merriwells trust|burt l standish
